33.974027,-118.249509
33.949099,-118.246737
33.964131,-118.272783
34.076198,-118.310722
34.059163,-118.306892
34.048041,-118.294177
34.028129,-118.284829
34.009552,-118.346724
34.062148,-118.315889
34.007090,-118.258681
34.065975,-118.238642
34.045405,-118.240454
34.043146,-118.251746
34.039378,-118.266300
34.028331,-118.354338
34.052913,-118.264340
34.028887,-118.317183
34.049841,-118.338460
34.066379,-118.309870
34.029036,-118.237870
34.023728,-118.156275
34.022502,-118.199613
34.065723,-118.434969
34.045421,-118.445873
34.080017,-118.262643
34.127194,-118.295647
34.099912,-118.326912
34.089848,-118.294661
34.085784,-118.206666
34.078195,-118.185501
34.050380,-118.211991
34.030578,-118.399613
34.051809,-118.383674
34.070410,-118.350411
34.002719,-118.287487
34.088475,-118.325527
34.111885,-118.261033
33.994523,-118.149952
34.137412,-118.207607
34.114708,-118.192098
33.988505,-118.336358
33.952725,-118.291904
33.942108,-118.417488
34.107810,-118.362247
33.953617,-118.308428
34.072924,-118.372710
34.092540,-118.491064
33.988047,-118.370361
34.061735,-118.276757
34.002844,-118.216400
33.926262,-118.249883
33.921280,-118.274186
34.003638,-118.308806
34.045105,-118.185914
34.037251,-118.423573
34.112272,-118.225496
34.002028,-118.430656
34.057597,-118.413998
34.129772,-118.330989
34.093828,-118.381697
34.052876,-118.254943
34.054534,-118.457025
34.108023,-118.456964
34.040587,-118.255404
34.020221,-118.286035
33.975414,-118.416990
34.071200,-118.443523
33.970343,-118.171368
34.100517,-118.414712
34.064958,-118.382979
34.062210,-118.401966
33.881510,-118.234451
33.885624,-118.205918
33.912246,-118.236773
33.997862,-118.393617
34.019323,-118.391902
33.955729,-118.118346
33.940445,-118.129022
33.921793,-118.140588
33.917140,-118.404267
33.890853,-118.297967
33.878432,-118.284104
33.901390,-118.315697
33.914775,-118.348083
33.864259,-118.399303
33.979248,-118.217438
33.888560,-118.351813
33.923533,-118.200705
34.039034,-118.707992
34.066117,-118.846342
33.889151,-118.402127
33.987729,-118.186597
34.087460,-118.544232
33.780065,-118.372454
33.753155,-118.367963
33.830006,-118.387124
33.873215,-118.370360
33.944159,-118.192761
34.107753,-118.616219
33.993396,-118.465193
33.976582,-118.455222
33.947305,-118.439841
33.956526,-118.358654
33.975332,-118.355252
33.939766,-118.331085
33.937886,-118.358559
33.958890,-118.330548
34.013666,-118.493750
34.034666,-118.504039
34.030755,-118.492101
34.026608,-118.473643
34.011312,-118.469762
33.833744,-118.314022
33.833181,-118.292062
33.840398,-118.353715
33.867257,-118.330794
33.807882,-118.347957
33.884696,-118.329998
34.007840,-118.030271
33.972782,-118.022066
33.945555,-117.990719
33.927691,-118.013828
33.950295,-118.024352
33.977272,-118.066363
33.845223,-118.015292
33.874224,-117.993368
33.850616,-118.039565
33.818477,-118.038307
33.942708,-117.952483
33.902045,-118.008961
34.015444,-118.111012
33.906956,-118.082640
33.989524,-118.089299
33.933565,-118.062611
33.801191,-117.994904
33.867600,-118.080612
33.867743,-118.069472
33.399248,-118.435601
33.887821,-118.127250
33.799904,-118.298661
33.849034,-118.147902
33.847989,-118.112601
33.841027,-118.079141
33.830482,-118.073451
33.793809,-118.317170
33.795012,-118.062692
33.898883,-118.166629
33.731442,-118.278869
33.742120,-118.312878
33.758405,-118.075043
33.716666,-118.076906
33.726516,-118.090327
33.779284,-118.261723
33.822725,-118.264109
33.859171,-118.252272
33.862900,-118.251318
33.803431,-118.169770
33.745762,-118.208042
33.756289,-118.130636
33.781686,-118.148365
33.864617,-118.180567
33.805401,-118.187701
33.827740,-118.174820
33.823943,-118.111335
33.819814,-118.222416
33.782259,-118.196793
33.771616,-118.143631
33.794348,-118.116391
33.778436,-118.118648
33.768334,-118.201636
34.194489,-118.138263
34.136258,-118.026704
34.128284,-118.047732
34.141586,-117.957627
34.222119,-118.205306
34.152800,-118.000482
34.211341,-118.230652
34.168771,-118.050216
34.108957,-118.156615
34.261962,-118.336078
34.322618,-118.237570
34.211452,-118.241036
34.146671,-118.139455
34.169538,-118.164941
34.165356,-118.123751
34.139460,-118.166649
34.139402,-118.128658
34.155533,-118.086178
34.122671,-118.112911
34.170510,-118.289463
34.168366,-118.267771
34.153338,-118.262974
34.136194,-118.260934
34.136580,-118.245839
34.160359,-118.213769
34.181293,-118.260277
34.185666,-118.239494
34.144557,-118.256507
34.236302,-118.249185
34.123286,-118.758541
34.123305,-118.671025
34.198292,-118.600913
34.224196,-118.632394
34.209532,-118.577563
34.200834,-118.664900
34.293338,-118.603118
34.160236,-118.515472
34.175969,-118.945127
34.368110,-118.489038
34.238208,-118.550290
34.237519,-118.517712
34.281486,-118.556005
34.247532,-118.526076
34.255442,-118.421314
34.200175,-118.540958
34.286687,-118.435080
34.326584,-118.382261
34.237912,-118.482306
34.294615,-118.507001
34.265879,-118.456748
34.440891,-118.501747
34.441596,-118.448109
34.230854,-118.365856
34.465755,-118.553789
34.439855,-118.644401
34.155097,-118.547553
34.212805,-118.882179
34.136077,-118.888919
34.193326,-118.818684
34.154040,-118.593153
34.177311,-118.615704
34.184616,-118.576125
34.184975,-118.766918
34.384697,-118.647244
34.506627,-118.699048
34.402509,-118.363427
34.545587,-118.420095
34.178483,-118.431791
34.222506,-118.444689
34.147149,-118.463365
34.199824,-118.447609
34.195685,-118.490752
34.178522,-118.459234
34.148617,-118.433298
34.149588,-118.489708
34.204400,-118.287527
34.176817,-118.309323
34.204568,-118.326365
34.173885,-118.346937
34.169706,-118.323548
34.169200,-118.372498
34.150818,-118.368159
34.140822,-118.392864
34.207341,-118.400973
34.185767,-118.388323
34.165783,-118.399795
34.138761,-118.350933
34.137564,-117.599945
34.280333,-117.866141
34.097410,-117.968269
33.952902,-117.639325
33.963723,-117.738596
34.004468,-117.684697
34.128066,-117.714773
34.097345,-117.906736
34.084747,-117.886844
34.080444,-117.854734
34.100970,-117.578820
34.078573,-118.043456
34.073420,-118.015345
34.046243,-118.053748
34.152583,-117.577707
34.172754,-117.521243
34.119367,-117.855054
34.156529,-117.841605
34.031415,-117.936470
33.999005,-117.972146
34.044416,-117.985366
33.974883,-117.900676
34.180010,-117.773939
33.996484,-117.531269
34.052922,-118.143465
34.050965,-118.114394
34.263636,-117.699470
34.035602,-117.591528
34.059410,-117.674011
34.072329,-117.698315
34.074087,-117.605618
33.986270,-117.821282
34.042286,-117.756106
34.083086,-117.737997
34.063516,-117.790379
34.065493,-118.084529
34.110186,-117.810390
34.115273,-118.088266
34.090776,-118.095091
34.102077,-118.057754
34.141146,-117.655583
34.105282,-117.662035
34.018195,-117.854821
34.066964,-117.937007
34.061624,-117.892235
34.022581,-117.902359
34.090728,-118.127527
34.074736,-118.145959
32.808563,-116.710076
32.665762,-117.018657
32.678070,-116.306851
32.654821,-116.465541
32.637868,-117.058031
32.608185,-117.054512
32.619459,-116.985820
32.674004,-116.943932
32.623185,-116.949053
32.887989,-116.621354
32.608865,-116.719660
32.846363,-116.557729
32.573755,-117.120872
32.648992,-116.152565
32.721919,-116.788204
32.759333,-116.997247
32.777999,-117.021511
32.733168,-117.034176
32.866646,-116.448325
32.670646,-117.094668
32.735124,-116.415161
32.626231,-116.610020
32.726237,-116.994318
32.724154,-116.940093
32.588866,-116.619172
33.285274,-117.197777
33.142077,-116.106046
33.023250,-117.274923
33.147294,-117.322181
33.095470,-117.243882
33.158500,-117.277163
33.107582,-117.292182
32.963199,-117.250309
32.776012,-116.880634
32.795508,-116.969747
32.838798,-116.869956
33.056022,-117.259900
33.102005,-117.080419
33.212444,-117.116098
33.131156,-116.976997
33.390477,-117.209427
33.082400,-117.127641
33.022474,-116.493688
32.856347,-117.250058
32.908915,-116.891975
33.195534,-117.354538
33.387723,-117.444758
33.201242,-117.296984
33.254619,-117.283341
33.376467,-117.066121
33.346808,-116.853215
33.298504,-116.924783
32.983606,-117.019035
33.053006,-116.850651
33.219365,-116.535247
33.020908,-117.190346
33.170775,-117.158676
33.147090,-116.717453
32.852358,-116.987842
32.997248,-117.260580
33.117154,-117.180627
33.164374,-117.240270
33.253548,-117.003366
33.197840,-117.248203
33.219935,-117.202606
33.323221,-116.665930
33.015927,-117.243517
32.724103,-117.170912
32.716220,-117.117057
32.747415,-117.166883
32.741501,-117.127948
32.737827,-117.092673
32.710818,-117.237613
32.739055,-117.245404
32.774046,-117.142454
32.786772,-117.234207
32.765244,-117.200391
32.806476,-117.168879
32.696716,-117.117881
32.707756,-117.055095
32.764998,-117.073641
32.764971,-117.123145
32.824572,-117.199518
32.699234,-117.209642
32.817888,-117.031956
32.794714,-117.071764
32.899592,-117.201203
32.861727,-117.171224
32.806794,-117.134930
32.823766,-117.092378
32.908449,-117.141380
33.011833,-117.132686
32.999818,-117.071808
32.966920,-117.126158
32.945791,-117.214366
32.886070,-117.085982
32.713608,-117.172089
32.724223,-117.146587
32.697543,-117.192775
32.679888,-117.048890
32.739496,-117.197401
32.930554,-117.008063
32.724880,-117.219962
32.557022,-117.006214
32.674984,-117.161726
32.553021,-117.042454
33.710984,-116.204844
33.753959,-116.246487
33.692217,-116.341248
33.765401,-116.334205
33.948948,-116.832362
32.785826,-114.545506
33.948255,-116.987839
33.736458,-114.687973
32.990121,-115.358757
33.910412,-116.765723
32.687552,-115.541028
33.172881,-115.553769
33.818256,-116.466743
33.686145,-116.172918
33.762149,-115.466100
33.951540,-116.520104
33.842584,-116.292900
34.163216,-114.319121
32.770197,-115.598590
32.725583,-115.472680
32.777241,-115.127641
32.881449,-115.675459
34.168333,-116.288431
33.641767,-116.273943
33.543835,-115.993906
34.077059,-116.606626
33.294274,-115.296227
33.915839,-116.559873
32.737705,-115.932200
33.708012,-116.403627
33.860925,-116.566176
33.708592,-116.497622
33.345027,-114.915942
34.273755,-114.196525
34.222079,-116.564222
33.768584,-116.429988
32.817225,-115.700076
33.460512,-116.084589
33.292095,-115.844166
33.822330,-116.364238
34.141358,-115.621168
34.229973,-116.055053
34.112956,-114.633391
33.051757,-115.608752
33.983697,-116.691398
32.891546,-114.772943
34.185894,-116.432416
34.340222,-116.540435
34.585234,-117.453724
34.541483,-115.644609
34.141671,-116.817981
34.571218,-117.133073
34.424366,-117.161295
35.332155,-116.038586
35.261460,-116.690324
34.980294,-116.964449
34.031011,-117.312929
34.261092,-116.809496
34.232796,-116.902863
34.059306,-117.390768
33.990372,-117.052255
34.253816,-117.150891
34.254361,-117.326453
34.024520,-117.289255
34.243482,-117.281304
34.863585,-116.862059
36.597809,-116.827404
34.912426,-115.342092
34.270601,-116.949309
34.085972,-117.464597
34.147718,-117.464506
34.049809,-117.470613
34.782699,-116.190564
34.093661,-116.936222
34.236643,-117.062838
34.757047,-117.350142
34.391145,-117.405722
34.376159,-117.294397
34.126779,-117.183104
34.957406,-117.219606
34.259971,-117.199381
34.051177,-117.248563
34.510646,-116.896718
34.259272,-117.520971
34.083016,-117.073317
34.894366,-114.640335
35.340420,-115.426224
34.899991,-116.654532
34.650629,-117.321326
34.442625,-117.541815
34.447894,-117.623946
34.011953,-117.159699
34.067146,-117.171885
34.111605,-117.377406
34.157763,-117.405966
34.226083,-117.225931
34.205287,-117.117403
36.007706,-116.178478
34.214740,-117.192326
34.237229,-116.827695
35.900961,-116.186357
34.237898,-117.234788
34.480247,-117.408184
34.556111,-117.353632
34.501472,-117.292048
34.374009,-117.628429
34.915880,-116.865561
34.032301,-117.010574
34.104794,-117.292150
34.177083,-117.254763
34.144618,-117.301301
34.212433,-117.381239
34.083458,-117.270016
34.107379,-117.297547
34.122501,-117.320138
33.995040,-117.373184
33.882579,-117.442303
33.903134,-117.398044
33.936193,-117.493881
33.934335,-117.367319
33.970847,-117.325120
33.891133,-117.326749
34.003266,-117.442004
33.889103,-117.278368
33.649528,-117.376774
33.692673,-117.302957
33.492391,-116.837955
33.527867,-116.647620
33.667301,-116.963506
33.648169,-116.895308
33.729853,-117.034060
33.758663,-117.109484
33.768539,-116.753396
33.882740,-117.224878
33.923381,-117.244837
33.889702,-117.113427
33.972160,-117.258409
33.637201,-116.627212
33.547613,-117.344040
33.580016,-117.147360
33.810743,-117.105415
33.787292,-117.320673
33.828396,-117.207660
33.807607,-117.015163
33.795196,-116.932856
33.652675,-117.173568
33.746707,-117.172142
33.708982,-117.198853
33.694019,-117.250341
33.482811,-117.226126
33.535277,-117.104791
33.511228,-117.042396
33.617844,-117.259304
33.665848,-117.049660
33.754048,-117.752273
33.624456,-117.781423
33.690715,-117.789224
33.705442,-117.823600
33.696122,-117.675940
33.658440,-117.826009
33.680302,-117.833295
33.642512,-117.841688
33.666942,-117.732094
33.714796,-117.749139
33.451469,-117.659056
33.601966,-117.864254
33.679591,-117.908531
33.647763,-117.919761
33.475120,-117.705675
33.645736,-117.685503
33.612925,-117.731443
33.662050,-117.968459
33.723228,-118.008692
33.679010,-118.014603
33.725240,-118.051579
33.570930,-117.773042
33.591304,-117.697512
33.745130,-117.984873
33.576212,-117.730368
33.595088,-117.829038
33.634626,-117.874882
33.601984,-117.913001
33.605086,-117.892319
33.623208,-117.933903
33.424110,-117.606775
33.467371,-117.613509
33.501860,-117.608646
33.752476,-117.612554
33.528868,-117.701175
33.680226,-117.526144
33.606695,-117.604360
33.752468,-117.993933
33.619672,-117.612087
33.611945,-117.665867
33.606497,-117.643112
33.547238,-117.623761
33.748220,-117.858473
33.747155,-117.907326
33.721131,-117.905110
33.765639,-117.790075
33.765301,-117.881976
33.709935,-117.870431
33.710582,-117.951129
33.734005,-117.819163
33.739709,-117.784703
33.844983,-117.952151
33.808267,-117.923658
33.818246,-117.974985
33.830457,-117.905941
33.837960,-117.870494
33.848733,-117.788357
33.856459,-117.740176
33.927561,-117.887086
33.928179,-117.809285
33.879768,-117.896340
33.868649,-117.929055
33.879329,-117.961752
33.901886,-117.916639
33.787165,-117.931889
33.786846,-117.982020
33.763905,-117.931382
33.765471,-117.969504
33.783064,-118.026268
33.925519,-117.551958
33.817630,-117.810046
33.826393,-117.851307
33.784615,-117.844774
33.800980,-117.843772
33.788145,-117.876550
33.808450,-117.791737
33.881158,-117.854783
33.882614,-117.528204
33.925311,-117.607297
33.827409,-117.524128
33.840451,-117.601961
33.748086,-117.468037
33.896339,-117.796416
33.885514,-117.730164
34.037340,-119.800786
34.283668,-119.223196
34.278679,-119.165615
34.227892,-119.079552
34.196026,-118.992531
34.441370,-119.514092
34.404104,-118.897776
34.295652,-118.897875
34.407780,-119.306554
34.530199,-119.310133
34.205247,-119.174092
34.150212,-119.127729
34.181971,-119.224985
34.238786,-119.186492
34.473884,-118.797181
34.106896,-119.099535
33.255655,-119.503588
34.170854,-119.202409
34.402343,-119.094824
34.308729,-118.687223
34.247556,-118.700940
34.258405,-118.775026
34.297699,-119.014558
34.421964,-119.593483
34.418979,-119.709166
34.438773,-119.678841
34.533222,-119.791731
34.448024,-119.616984
34.406428,-119.726888
34.446201,-119.762794
34.449185,-119.804782
34.479453,-120.084094
35.856859,-119.507526
36.313344,-119.708452
35.112617,-118.832292
35.889811,-120.068590
35.518295,-118.430032
35.437302,-119.477735
35.889831,-118.630592
36.056587,-118.568462
36.197785,-120.422249
36.042151,-119.527700
35.779507,-119.200825
35.860883,-119.036140
35.873666,-119.281551
35.403611,-118.756525
36.295014,-119.026031
34.842425,-119.203723
36.304539,-119.204896
35.228199,-119.569304
34.768503,-119.030293
35.735652,-118.738373
36.292230,-119.622676
36.191268,-120.090097
36.389827,-119.219896
35.729116,-118.391888
36.047190,-119.990217
35.617546,-118.452285
35.254701,-118.912678
36.442077,-119.727734
34.772700,-118.791975
36.488656,-118.998043
36.292270,-119.829463
36.206269,-119.071075
35.621706,-119.887939
35.665082,-119.197958
35.335636,-119.758248
34.710034,-119.243808
34.966867,-119.810433
35.677330,-118.101417
35.960636,-119.312992
35.988087,-118.860221
36.054380,-119.150397
35.817247,-118.669124
35.808535,-119.128083
36.615624,-118.697574
35.492805,-119.286861
36.245404,-118.693313
36.145394,-119.867288
36.151180,-119.049222
35.162393,-119.425116
35.952426,-119.072843
36.469275,-118.800919
36.047414,-119.344304
36.178091,-119.370752
35.299176,-119.358368
36.301334,-119.372586
35.652242,-119.446400
35.592099,-118.297698
35.715258,-118.507027
36.462710,-119.093242
35.757886,-118.988161
36.391777,-119.372842
36.375590,-119.211689
35.384336,-119.020562
35.339702,-119.023451
35.389749,-118.985186
35.468183,-118.779649
35.245120,-118.941100
35.621087,-118.789677
35.342891,-119.064803
35.192404,-119.175866
35.393478,-119.120460
35.163190,-119.046322
35.393866,-119.244846
35.235750,-120.615973
35.295232,-120.835468
35.296958,-120.733134
35.301200,-120.660937
35.176043,-120.476694
35.463544,-120.692911
35.185911,-120.731793
35.848621,-120.938911
34.610436,-120.219523
35.585018,-121.041461
34.867662,-120.539904
35.484966,-120.944417
35.486805,-120.485271
35.120888,-120.619664
34.919894,-120.604969
34.595669,-120.352667
34.737964,-120.543739
34.712216,-120.230146
34.770605,-119.985205
35.401934,-120.799362
35.037198,-120.504593
35.044396,-120.620199
35.662509,-120.749865
35.165671,-120.655844
36.085423,-120.818522
35.886767,-120.608661
35.746484,-121.223355
35.303925,-120.256566
34.923013,-120.259463
34.831792,-120.433509
34.959340,-120.490081
34.653533,-120.007153
35.652911,-120.266428
34.624395,-120.137875
35.538809,-120.739893
35.067111,-118.184941
35.163740,-117.886527
34.450906,-118.227614
37.891866,-118.554569
37.131989,-118.155880
37.492115,-118.390408
35.002282,-117.629941
38.281108,-119.384449
35.385111,-118.491168
35.294349,-117.925785
36.316298,-117.592333
34.957206,-117.827391
34.931987,-117.907127
36.823834,-118.281246
36.119622,-118.177124
35.371604,-117.643321
37.815507,-119.095647
36.475830,-117.860116
35.221906,-118.582566
34.689848,-118.533689
34.713292,-118.152920
34.713656,-117.864660
34.747390,-118.369249
37.988074,-119.114386
34.481108,-117.982006
34.495537,-117.756645
36.556387,-118.054221
37.548799,-118.839818
36.212203,-117.948532
34.408548,-118.123592
34.604105,-118.239213
34.570867,-118.023744
34.407332,-117.911841
35.413944,-117.764333
35.606509,-117.683472
35.347928,-117.621393
34.866894,-118.339832
35.118772,-118.493811
35.746463,-117.386604
34.402521,-117.766066
34.594480,-117.813666
35.852815,-117.224709
37.393471,-119.741037
37.028835,-119.316654
36.622507,-118.957187
37.344149,-119.422139
37.203158,-119.249243
36.803197,-120.018564
36.492478,-120.355526
36.526597,-119.864103
37.098303,-120.281212
36.825296,-119.680190
36.814864,-119.710596
37.209821,-119.749802
36.503322,-119.286328
36.655353,-119.593861
36.521012,-119.389446
36.917573,-119.593481
37.020043,-120.625404
36.789273,-119.140345
36.814503,-120.575240
37.494877,-119.644280
36.378434,-120.116591
36.624539,-119.671874
37.043286,-119.691306
36.474404,-120.061497
36.772382,-118.935666
36.727250,-120.123426
36.478239,-119.521370
36.822163,-118.649328
37.223580,-119.000834
37.068068,-120.843579
36.984885,-119.873914
36.918079,-120.185933
37.043434,-120.033693
36.672683,-120.446521
36.697180,-119.022995
37.224696,-119.470738
37.377787,-119.632385
37.182359,-119.641450
36.644737,-119.289181
36.600760,-119.175485
36.620634,-119.520731
36.840813,-119.799812
36.999336,-119.518794
36.595012,-119.904577
37.248335,-119.944935
36.658709,-119.401274
36.450225,-119.934478
36.817791,-119.457602
36.585446,-120.173897
36.536573,-119.638651
37.129364,-119.219563
36.960108,-120.648060
36.547067,-119.335641
36.955940,-119.335294
36.650275,-120.284085
37.290563,-119.548406
36.452697,-119.482343
36.724723,-119.192779
36.749661,-119.787685
36.739194,-119.753933
36.768860,-119.762393
36.799054,-119.801608
36.786671,-119.828335
36.652065,-119.906591
36.822349,-119.760243
36.834289,-119.833350
36.862209,-119.760793
36.732891,-119.783739
36.799361,-119.874794
36.793477,-119.956818
36.627211,-119.731888
36.793661,-119.761461
36.751519,-119.680602
36.757294,-119.818488
36.905389,-119.748632
36.636344,-121.623978
36.682351,-121.605904
36.722714,-121.633649
36.769389,-121.667532
36.651745,-121.599444
36.092975,-121.549826
36.553175,-121.923960
36.448672,-121.849502
36.415603,-121.637651
36.588003,-121.398912
36.525870,-121.396735
36.248797,-121.386631
36.038868,-121.244009
36.205060,-121.010363
35.989792,-121.055933
36.686845,-121.786887
36.574690,-121.840854
36.597004,-121.874136
36.621181,-121.925179
36.585219,-121.945282
36.133362,-120.928512
36.614410,-121.786901
36.389618,-121.343146
36.624716,-121.646487
37.514352,-122.298896
37.688826,-122.408935
37.570280,-122.365778
37.690884,-122.447441
37.681264,-122.480589
37.469453,-122.411841
37.274612,-122.232420
37.270838,-122.280738
37.357489,-122.144437
37.352234,-122.094399
37.457524,-122.176542
37.453514,-122.204756
37.376828,-122.209796
37.598970,-122.401991
37.554298,-122.496632
37.526902,-122.512164
37.380566,-122.085293
37.388520,-122.075726
37.414028,-122.070679
37.606627,-122.477211
37.247137,-122.273493
37.461147,-122.236948
37.413691,-122.295343
37.493297,-122.195535
37.534106,-122.247372
37.625086,-122.433593
37.496466,-122.272565
37.331714,-122.341466
37.655490,-122.422075
37.388556,-122.017732
37.371647,-122.023134
37.351529,-122.036959
37.412402,-122.015605
37.779588,-122.419318
37.773134,-122.411167
37.791409,-122.402130
37.789864,-122.393665
37.760460,-122.399724
37.792007,-122.408575
37.795388,-122.422453
37.750021,-122.415201
37.799367,-122.398407
37.720375,-122.442950
37.758057,-122.435410
37.785969,-122.437253
37.745399,-122.486065
37.769436,-122.447662
37.780097,-122.462605
37.776769,-122.494707
37.758797,-122.485128
37.800934,-122.438366
37.728895,-122.382779
37.736220,-122.459338
37.626411,-122.385757
37.797336,-122.464462
37.820661,-122.369655
37.745916,-122.441472
37.722220,-122.484077
37.804531,-122.410852
37.721052,-122.413573
37.768106,-122.386927
37.444123,-122.149911
37.457880,-122.115158
37.374707,-122.181698
37.418256,-122.170871
37.415727,-122.130762
37.576948,-122.316903
37.523602,-122.344920
37.538449,-122.305447
37.555999,-122.267679
37.773793,-122.278115
37.737572,-122.245507
38.186532,-122.264069
37.809677,-121.913141
37.850411,-122.021124
38.576618,-122.444388
37.996501,-121.812301
38.098071,-122.135940
38.028939,-121.640521
38.134852,-121.834156
37.922228,-121.668359
37.826372,-121.622546
38.634822,-122.615051
37.833901,-122.165034
37.890217,-121.878354
37.950362,-122.022039
37.988451,-122.013001
37.995285,-122.040627
37.956012,-121.956194
37.954131,-122.076140
38.052951,-122.232094
37.814613,-121.990552
37.845601,-121.950612
37.921561,-122.298337
37.965765,-121.775818
38.280745,-122.006380
38.244839,-122.135861
38.282221,-121.924715
37.570508,-121.981250
37.501368,-121.956753
37.516907,-121.911763
37.673945,-122.084821
37.659883,-122.037142
37.633820,-122.057200
37.605905,-122.126873
37.714509,-122.079542
38.010166,-122.261728
37.974295,-121.651441
37.897009,-122.114292
37.519986,-121.575596
37.750502,-121.749055
37.722720,-122.021552
37.993892,-122.136441
37.548205,-122.098677
37.840645,-122.114877
38.442011,-122.238320
38.245724,-122.313405
37.504514,-122.032916
37.993936,-121.691139
37.879920,-122.184572
37.994038,-122.282589
38.014576,-121.906255
37.648104,-121.849965
38.706906,-122.393997
37.715245,-121.914700
38.044258,-122.198765
38.148862,-121.737696
38.032793,-122.252211
38.458864,-122.428831
38.542448,-122.419923
37.840961,-122.109502
38.549422,-122.476382
37.713275,-122.167350
37.706137,-122.125550
37.686491,-122.157201
37.675731,-122.133017
37.762174,-121.915788
37.755120,-121.972699
38.192498,-121.927529
37.574590,-121.853708
37.603155,-122.018638
37.792682,-121.860590
38.187350,-122.224074
38.103234,-122.249096
38.122869,-122.196863
38.089730,-122.277394
37.871950,-122.069383
37.889098,-122.037553
37.918191,-122.071665
37.899936,-121.999244
38.409878,-122.361511
37.775545,-122.218705
37.804320,-122.207545
37.736529,-122.179445
37.761408,-122.150198
37.791887,-122.245334
37.807215,-122.301497
37.836844,-122.289143
37.834403,-122.264368
37.811406,-122.242458
37.829350,-122.203507
37.808800,-122.269196
37.780853,-122.182845
37.844672,-122.238105
37.790438,-122.140819
37.748272,-122.216825
37.865777,-122.286321
37.863911,-122.275643
37.866536,-122.257996
37.865183,-122.238209
37.889704,-122.295531
37.898189,-122.279130
37.902944,-122.261795
37.879234,-122.266839
37.863914,-122.306465
37.873832,-122.254944
37.952844,-122.381974
37.959549,-122.283578
37.916555,-122.341233
37.942798,-122.322923
37.980790,-122.337627
37.902226,-122.317378
37.978138,-122.497611
38.022366,-122.555605
37.945512,-122.560120
37.885629,-122.468580
38.344946,-122.948799
38.339402,-123.034599
37.943087,-122.723790
37.931846,-122.507738
38.346420,-122.694127
38.252420,-122.962717
37.943963,-122.616418
38.324133,-122.714633
38.012599,-122.687478
38.116490,-122.930351
38.029069,-122.726523
37.937082,-122.532369
38.178570,-122.883190
37.897665,-122.563172
38.134068,-122.527190
38.082829,-122.671527
38.112166,-122.634384
38.060475,-122.508496
38.024885,-122.759933
38.320861,-122.646138
38.234553,-122.760385
38.235014,-122.557332
38.045857,-122.861209
37.963111,-122.563588
37.995864,-122.577814
38.013719,-122.670120
37.943257,-122.492151
37.852904,-122.547207
37.914513,-122.646890
38.231547,-122.928226
38.287346,-122.968556
38.012697,-122.639598
37.438672,-122.011582
37.006700,-121.878207
36.874755,-121.630732
37.098768,-122.091734
37.171267,-122.149524
37.104964,-122.106903
37.279173,-121.955340
36.976175,-121.953160
36.784482,-121.759054
37.215362,-121.741521
37.306491,-122.080640
37.114335,-122.237162
37.074092,-122.059372
36.935538,-121.783134
37.018419,-121.554249
36.902045,-121.350783
37.222759,-121.983272
37.216953,-121.926555
37.160846,-121.983966
37.444349,-121.868859
37.174063,-121.598747
36.828150,-121.776583
37.050419,-122.057816
36.525703,-120.952122
36.825745,-121.518587
37.099308,-121.599240
37.351157,-121.952295
37.348640,-121.984373
37.348723,-121.937557
37.393491,-121.964670
37.036461,-122.121750
36.970525,-121.987488
36.991107,-122.059022
37.031475,-121.983340
37.067917,-122.013995
37.260499,-122.046165
37.042254,-121.930051
36.779046,-121.142439
36.946256,-121.756479
37.346512,-121.909803
37.283111,-121.826245
37.344482,-121.883535
37.333694,-121.891002
37.350421,-121.852585
37.311181,-121.961870
37.255520,-121.889995
37.230327,-121.785227
37.186141,-121.843555
37.304151,-121.809869
37.328684,-121.835269
37.244238,-121.831604
37.256765,-121.922762
37.295056,-121.891440
37.326791,-121.916745
37.371091,-121.800752
37.315977,-121.936319
37.305742,-122.000927
37.277121,-121.986133
37.387111,-121.897417
37.424565,-121.748597
37.371606,-121.860844
37.426377,-121.950977
37.284529,-121.658321
37.269128,-121.850992
37.246623,-121.733833
37.224914,-121.764075
37.393503,-121.620009
37.335987,-121.777603
37.959736,-121.288287
37.952452,-121.329655
37.973736,-121.319246
37.964578,-121.259841
37.918854,-121.417427
38.002125,-121.324979
38.046863,-121.352802
38.030177,-121.297912
37.979250,-121.313409
38.049939,-121.232970
37.949421,-121.157283
38.051726,-121.483036
38.200231,-121.235034
38.072109,-120.631346
38.433968,-119.968436
38.231324,-120.322688
38.193762,-120.875928
38.228948,-120.856627
38.210353,-121.051256
37.907230,-120.688307
38.000494,-120.898152
37.873793,-121.290146
38.355338,-120.594018
38.161669,-120.368144
37.925763,-121.528026
38.029730,-121.023890
38.161879,-121.149837
38.114388,-121.144658
38.137068,-121.384546
38.299257,-120.626707
38.227003,-120.514561
38.138539,-120.452903
38.317709,-120.461112
38.189115,-120.638708
38.237833,-120.428658
38.078402,-120.443443
38.149816,-120.846670
38.192620,-120.957820
38.419902,-120.474458
38.379703,-120.448000
38.173556,-121.312247
37.321233,-120.654395
37.470288,-120.671083
37.671103,-121.406559
37.794225,-120.269140
37.365530,-120.160164
37.554269,-120.951523
38.085839,-120.378550
37.714260,-120.081389
37.421071,-120.652983
37.431392,-121.051294
38.319132,-119.796208
37.421900,-120.769283
37.553376,-120.714055
37.127380,-120.506433
37.653372,-119.784117
37.639290,-120.903049
37.825598,-121.005157
37.864258,-120.004543
37.166199,-121.024432
37.608303,-120.685156
37.394536,-120.890747
37.466072,-120.225948
37.588918,-120.855236
37.861625,-120.480322
37.558453,-120.909880
37.666587,-120.411517
37.808915,-121.312639
37.242232,-120.240442
37.347307,-120.742627
38.124887,-120.093146
37.830267,-121.201020
37.743039,-121.238380
37.508765,-119.982496
37.345785,-120.424150
37.231045,-120.501072
37.583767,-119.976728
38.065529,-120.170699
37.392287,-120.498299
37.671978,-121.007405
37.623601,-120.996324
37.639029,-120.964772
37.672906,-120.946594
37.718023,-121.032714
37.672536,-120.887136
37.612612,-121.108568
37.325955,-121.193383
37.787236,-120.759202
37.452895,-121.229974
38.258394,-119.783024
37.331113,-120.294817
37.762766,-121.125277
37.729282,-120.942905
37.713269,-121.085404
37.531889,-120.437413
37.984549,-120.349264
37.991289,-120.262791
37.316807,-120.855753
38.186595,-120.026235
37.737191,-121.433384
37.673944,-121.517227
37.939765,-120.188046
37.474396,-120.875917
37.528476,-120.853313
38.112760,-120.225746
37.610740,-121.247330
37.667405,-120.629404
37.519349,-121.296545
37.414670,-120.586787
37.626489,-119.681280
37.768218,-121.609509
38.449137,-122.793752
38.503685,-122.754057
38.525733,-122.690443
38.437114,-122.665993
38.393300,-122.745048
38.468829,-122.580724
39.199469,-123.702253
38.713421,-123.349777
39.015251,-123.370756
39.689790,-123.610022
39.366146,-123.804985
38.628217,-123.160834
38.973012,-122.623922
39.064446,-122.626701
38.823058,-123.063891
38.833425,-122.734061
39.244183,-123.563531
39.824803,-123.179609
39.720930,-123.300262
38.461425,-123.047186
38.348343,-122.517056
39.108252,-123.645121
39.007213,-122.869510
38.486817,-122.905620
39.487185,-123.741963
38.493179,-122.777546
38.731694,-122.906767
38.371538,-122.487307
39.054011,-122.751253
38.433216,-122.869001
38.832520,-123.472532
38.527164,-123.007892
38.622985,-122.889121
38.936137,-123.119445
38.501363,-123.170879
38.922131,-122.789559
38.425523,-122.535210
39.045931,-122.941077
39.806096,-123.516147
39.258198,-123.761560
38.882973,-122.532720
39.161278,-122.745312
38.976640,-123.604802
39.305245,-123.748616
38.752774,-122.557196
38.462142,-123.018384
39.186791,-123.558382
39.128363,-122.849302
38.421934,-123.063911
39.081822,-123.504872
38.808264,-122.539952
38.918887,-123.605684
39.390917,-123.052841
39.314030,-123.249924
38.524077,-122.968774
38.398815,-122.861923
38.249428,-122.466627
39.135023,-123.259338
39.225478,-122.922912
38.474137,-123.024203
39.683707,-123.741609
39.492842,-123.340973
38.528079,-122.821349
39.184728,-122.969574
38.889651,-123.337821
38.743039,-123.476418
40.798659,-124.151583
40.738322,-124.107619
40.141856,-123.681921
40.294713,-123.653473
40.959368,-124.051236
40.855694,-124.066898
40.825486,-124.049485
40.921430,-123.815266
40.459048,-123.673177
41.012258,-123.387964
40.496975,-123.930822
41.819578,-124.065667
40.523099,-124.326421
40.726752,-124.217378
40.578828,-124.136869
40.080405,-123.783948
41.870812,-123.862770
40.280389,-124.063670
41.092825,-123.675802
40.557483,-124.081215
41.593204,-124.045992
40.666691,-123.908396
40.781218,-123.826383
40.674987,-124.231146
40.202543,-123.228609
40.244215,-123.888871
40.296412,-123.777178
41.241807,-123.913425
41.324926,-123.600968
40.298264,-124.243071
40.183681,-123.745046
40.168801,-123.826148
40.472423,-124.121840
40.877330,-123.499144
40.790880,-124.204748
40.455189,-124.015148
41.950683,-124.097094
41.452689,-123.464813
40.377299,-123.854169
41.080058,-124.156283
40.322772,-123.920622
40.914926,-123.668723
39.844682,-123.656929
39.963270,-123.775737
40.055796,-123.969269
40.123177,-123.446279
38.426699,-120.825717
38.990030,-121.114408
38.915869,-121.080284
39.243304,-120.071406
38.593521,-121.539867
38.756184,-122.195438
38.830371,-122.126946
38.624150,-121.324911
38.694908,-121.271772
38.384706,-121.578722
38.886238,-120.979699
38.318624,-121.554752
38.554133,-121.798467
38.543211,-121.681500
38.680605,-120.814261
38.412615,-121.756222
38.695704,-121.308303
38.603602,-120.857030
38.427507,-121.314899
38.358121,-121.911547
38.733145,-121.468174
38.734513,-122.025346
38.652065,-121.254410
38.516474,-120.688517
38.666597,-121.141635
39.053461,-120.795632
38.274451,-121.259201
38.840217,-120.829757
38.936904,-120.772283
38.910748,-120.908621
38.621278,-120.383217
38.834145,-122.236936
38.313448,-121.123886
38.389030,-121.500428
38.325248,-120.955787
38.140366,-121.589783
38.343033,-120.760921
38.884891,-121.778654
38.689261,-120.054975
38.922812,-121.312005
38.809175,-121.171375
38.817820,-120.929272
38.662983,-121.401113
38.697634,-121.977571
38.549228,-121.278598
38.881183,-121.169014
38.842230,-121.572164
38.678545,-121.379969
38.741074,-121.247693
38.689174,-121.218435
38.855811,-121.182313
38.801290,-121.037936
38.400650,-120.648462
38.523861,-120.376629
38.734925,-120.789952
38.833555,-121.498099
38.482619,-120.899472
38.604268,-121.280327
38.722374,-120.978633
38.689241,-121.459014
38.954159,-121.481870
38.544700,-120.740500
38.791075,-121.234854
38.764070,-121.287523
38.896313,-122.365365
38.240419,-121.587535
38.995557,-121.353545
38.612129,-120.964522
38.511992,-121.096261
38.592309,-120.584657
38.434483,-120.761659
38.157794,-121.520223
38.333133,-121.920151
38.408571,-122.022775
38.478832,-120.611993
38.199576,-121.618273
38.627951,-121.593287
39.046931,-121.403091
38.399281,-121.210116
38.568866,-122.079781
38.687045,-121.857077
38.732368,-121.810263
38.816357,-121.910770
38.436774,-120.857624
39.226549,-120.767022
38.985882,-120.978665
38.750132,-120.675412
39.111833,-120.877969
39.200502,-120.840726
39.269964,-120.677611
39.144526,-120.852575
38.766610,-120.223931
38.843738,-120.072674
39.009801,-121.034707
39.311704,-120.328125
38.800349,-120.503871
39.319332,-120.399379
38.840282,-120.150225
39.038809,-120.977530
38.577783,-121.201788
38.747526,-121.180092
38.782070,-121.373155
38.344888,-121.431231
38.427813,-121.444696
38.685087,-121.063769
38.815548,-121.280172
38.698614,-121.699262
38.580568,-121.495590
38.605407,-121.447593
38.571577,-121.466465
38.550547,-121.456373
38.554487,-121.497058
38.569828,-121.440067
38.534879,-121.444372
38.625693,-121.384916
38.512787,-121.493618
38.474099,-121.443454
38.517585,-121.440739
38.591897,-121.408467
38.543754,-121.377692
38.556129,-121.324257
38.488809,-121.395843
38.489544,-121.323454
38.490508,-121.284171
38.493966,-121.529188
38.447050,-121.496114
38.619049,-121.517552
38.635653,-121.518416
38.670649,-121.525983
38.693765,-121.598941
38.645723,-121.445254
38.660370,-121.347394
38.686809,-121.349146
38.715463,-121.363422
38.584047,-121.375846
39.223939,-121.494050
39.106099,-121.368180
39.491126,-120.817232
39.016702,-122.062143
39.449004,-121.330521
40.006256,-121.158894
39.665539,-121.351955
39.409686,-121.756653
39.301229,-121.337929
39.432882,-121.261143
39.449794,-121.936372
39.488340,-121.066908
40.133728,-121.092693
39.484108,-121.192649
39.745628,-121.843834
39.685710,-121.844084
39.548599,-121.192105
39.266469,-121.978604
40.060074,-120.907922
39.379346,-121.192310
39.605383,-120.811013
38.885244,-121.999039
39.604713,-121.795288
39.571982,-122.580827
39.516314,-121.250935
40.019450,-121.566635
39.584807,-122.032297
39.495266,-120.943811
39.196387,-120.972289
39.215586,-121.203240
40.174567,-120.819768
39.339264,-121.770785
39.099230,-121.138848
39.043447,-121.918099
39.722512,-122.004433
39.259022,-121.776826
39.884654,-121.586789
39.294516,-122.201715
39.838288,-121.134235
39.060921,-121.827155
39.347811,-120.918728
39.403217,-121.034486
39.040305,-121.560484
39.344757,-121.264517
39.736308,-122.259338
39.593945,-121.581363
39.475360,-121.414110
39.435211,-121.551925
39.716846,-121.646180
39.398424,-122.060946
39.940063,-120.891328
39.891624,-121.841982
39.480221,-121.838454
39.224354,-121.151625
39.176595,-121.291692
39.875599,-121.536315
39.302035,-122.511160
39.679398,-120.998619
39.172726,-121.805819
40.077912,-120.707315
40.040955,-121.122652
39.342544,-120.770868
39.105127,-122.283003
39.491654,-122.262080
38.994187,-121.594591
39.082497,-121.680114
40.601778,-122.454973
40.527834,-122.318749
40.751937,-122.230678
41.135964,-120.840063
40.458029,-122.277830
40.704869,-122.120038
41.056040,-121.020802
40.913780,-123.307421
41.051216,-121.984492
40.973657,-121.692399
41.326646,-122.773654
41.487278,-120.912416
40.894269,-121.507020
41.076875,-122.253652
40.676564,-122.380909
40.397960,-121.298528
39.923446,-122.270806
40.336387,-122.448511
41.928894,-121.906809
40.546631,-122.880891
41.209942,-122.307935
41.399483,-123.068855
41.006417,-121.480741
39.940260,-122.489200
41.186066,-123.181796
41.609516,-122.963525
40.781633,-122.584149
41.428284,-122.609441
40.045637,-122.184859
41.544675,-122.934665
41.607100,-122.545715
41.687905,-123.483269
40.793535,-121.438607
40.525724,-123.193917
41.930950,-122.510081
40.588772,-123.434201
40.471076,-122.660955
40.829014,-123.022859
41.771860,-123.327375
41.898880,-122.888552
40.933200,-122.382788
40.738391,-122.821086
41.238956,-121.039250
40.103236,-122.074735
41.028176,-121.308316
41.268682,-121.930940
41.727044,-121.907369
40.421637,-121.833052
40.338068,-121.479070
40.580119,-122.041403
40.370467,-121.606306
41.754853,-122.365534
40.879080,-121.893264
41.314337,-122.380798
41.118402,-121.207564
40.685336,-122.016069
40.663854,-121.461060
40.603066,-122.186657
39.884652,-122.586513
40.343242,-121.852205
40.391542,-122.937883
40.181890,-122.377104
40.844643,-121.969849
41.740719,-123.077404
41.924160,-123.260782
40.619998,-122.643642
40.510870,-121.876112
40.021716,-122.127821
41.034706,-122.791321
39.963320,-122.017242
40.765478,-122.941428
41.456579,-122.469367
40.654093,-121.822848
41.756147,-122.659466
41.452711,-120.538460
39.805588,-120.665978
41.506276,-120.143106
39.753579,-120.054995
39.736644,-120.543744
38.425282,-119.475743
41.770116,-120.431104
40.019715,-120.099183
41.299883,-120.078511
39.483479,-120.037661
41.858844,-120.104998
40.142933,-120.159007
40.296745,-120.499838
41.701830,-120.134337
41.258361,-120.372343
40.533462,-120.235356
39.639597,-120.247144
41.022721,-120.523987
38.743384,-119.867624
40.164393,-120.380042
39.825228,-120.477053
40.728194,-120.396280
39.641871,-120.445265
39.602711,-120.636150
39.529719,-120.454168
40.358768,-120.408154
39.789270,-120.357278
40.551757,-120.675673
40.914751,-120.402175
38.620964,-119.505184
41.767323,-121.440546
39.808651,-120.205672
40.345753,-120.081154
40.270731,-121.039461
39.232027,-120.096413
39.067274,-120.177798
38.997166,-120.129625
39.254453,-120.022185
39.148285,-120.170923
39.198047,-120.237787
39.249050,-120.060428
38.869825,-120.008594
38.762986,-120.087069
39.313089,-120.207783
